Title,Artist,Creation_Date,estimate_year,url,img_URL,Medium,height_cm,width_cm,Accession_number
Barra,Samuel John Peploe,c.1902–1903,1902,https://artuk.org/discover/artworks/barra-85636/view_as/grid/search/has_image:on--work_type:painting--makers:samuel-john-peploe-18711935/page/10,https://d3d00swyhr67nd.cloudfront.net/w944h944/collection/GL/GM/GL_GM_3039-001.jpg,oil on panel,18.7,24.1,3039
Old Tom Morris,Samuel John Peploe,c.1901,1901,https://artuk.org/discover/artworks/old-tom-morris-85642/view_as/grid/search/has_image:on--work_type:painting--makers:samuel-john-peploe-18711935/page/10,https://d3d00swyhr67nd.cloudfront.net/w944h944/collection/GL/GM/GL_GM_3313-001.jpg,oil on canvas,127.0,101.6,3313
Roses,Samuel John Peploe,,,https://artuk.org/discover/artworks/roses-56618/view_as/grid/search/has_image:on--work_type:painting--makers:samuel-john-peploe-18711935/page/10,https://d3d00swyhr67nd.cloudfront.net/w944h944/collection/NTV/MM/NTV_MM_228-001.jpg,oil on board,44.0,39.0,MIDMA_FA_1029
Roses,Samuel John Peploe,c.1920,1920,https://artuk.org/discover/artworks/roses-85635/view_as/grid/search/has_image:on--work_type:painting--makers:samuel-john-peploe-18711935/page/10,https://d3d00swyhr67nd.cloudfront.net/w944h944/collection/GL/GM/GL_GM_2810-001.jpg,oil on canvas,50.8,40.6,2810
Landscape,Samuel John Peploe,,,https://artuk.org/discover/artworks/landscape-85627/view_as/grid/search/has_image:on--work_type:painting--makers:samuel-john-peploe-18711935/page/10,https://d3d00swyhr67nd.cloudfront.net/w944h944/collection/GL/GM/GL_GM_2338-001.jpg,oil on canvas,33.0,40.6,2338
Still Life with Tulips,Samuel John Peploe,c.1920–1930,1925,https://artuk.org/discover/artworks/still-life-with-tulips-85643/view_as/grid/search/has_image:on--work_type:painting--makers:samuel-john-peploe-18711935/page/10,https://d3d00swyhr67nd.cloudfront.net/w944h944/collection/GL/GM/GL_GM_3319-001.jpg,oil on canvas,54.5,45.5,3319
"Still Life, White Roses",Samuel John Peploe,c.1925,1925,https://artuk.org/discover/artworks/still-life-white-roses-85630/view_as/grid/search/has_image:on--work_type:painting--makers:samuel-john-peploe-18711935/page/10,https://d3d00swyhr67nd.cloudfront.net/w944h944/collection/GL/GM/GL_GM_2414-001.jpg,oil on canvas,45.7,40.6,2414
"The Cornfield, Douglas Hall",Samuel John Peploe,1919,1919,https://artuk.org/discover/artworks/the-cornfield-douglas-hall-85632/view_as/grid/search/has_image:on--work_type:painting--makers:samuel-john-peploe-18711935/page/10,https://d3d00swyhr67nd.cloudfront.net/w944h944/collection/GL/GM/GL_GM_2416-001.jpg,oil on panel,33.0,39.4,2416
The Brown Crock,Samuel John Peploe,c.1925,1925,https://artuk.org/discover/artworks/the-brown-crock-85629/view_as/grid/search/has_image:on--work_type:painting--makers:samuel-john-peploe-18711935/page/10,https://d3d00swyhr67nd.cloudfront.net/w944h944/collection/GL/GM/GL_GM_2413-001.jpg,oil on canvas,61.0,50.8,2413
"Still Life, Red Roses",Samuel John Peploe,c.1931,1931,https://artuk.org/discover/artworks/still-life-red-roses-85625/view_as/grid/search/has_image:on--work_type:painting--makers:samuel-john-peploe-18711935/page/10,https://d3d00swyhr67nd.cloudfront.net/w944h944/collection/GL/GM/GL_GM_1824-001.jpg,oil on canvas,55.9,50.8,1824
Interior with a Japanese Print,Samuel John Peploe,c.1915,1915,https://artuk.org/discover/artworks/interior-with-a-japanese-print-77981/view_as/grid/search/has_image:on--work_type:painting--makers:samuel-john-peploe-18711935/page/10,https://d3d00swyhr67nd.cloudfront.net/w944h944/collection/ERY/HUAC/ERY_HUAC_104-001.jpg,oil on canvas,80.0,62.2,104
"Ceres, Fife",Samuel John Peploe,1900–1935,1918,https://artuk.org/discover/artworks/ceres-fife-125608/view_as/grid/search/has_image:on--work_type:painting--makers:samuel-john-peploe-18711935/page/10,https://d3d00swyhr67nd.cloudfront.net/w944h944/collection/CSF/SAU/CSF_SAU_HC_86-001.jpg,oil on board,55.0,62.0,HC86
Bernaval,Samuel John Peploe,c.1904–1905,1904,https://artuk.org/discover/artworks/bernaval-85640/view_as/grid/search/has_image:on--work_type:painting--makers:samuel-john-peploe-18711935/page/10,https://d3d00swyhr67nd.cloudfront.net/w944h944/collection/GL/GM/GL_GM_3228-001.jpg,oil on panel,15.9,23.5,3228
Ceres,Samuel John Peploe,c.1920–1925,1922,https://artuk.org/discover/artworks/ceres-85637/view_as/grid/search/has_image:on--work_type:painting--makers:samuel-john-peploe-18711935/page/10,https://d3d00swyhr67nd.cloudfront.net/w944h944/collection/GL/GM/GL_GM_3225-001.jpg,oil on panel,33.0,40.9,3225
"Evening, North Berwick",Samuel John Peploe,c.1903,1903,https://artuk.org/discover/artworks/evening-north-berwick-85641/view_as/grid/search/has_image:on--work_type:painting--makers:samuel-john-peploe-18711935/page/10,https://d3d00swyhr67nd.cloudfront.net/w944h944/collection/GL/GM/GL_GM_3229-001.jpg,oil on panel,16.0,23.8,3229
Farm Steading,Samuel John Peploe,,,https://artuk.org/discover/artworks/farm-steading-85639/view_as/grid/search/has_image:on--work_type:painting--makers:samuel-john-peploe-18711935/page/10,https://d3d00swyhr67nd.cloudfront.net/w944h944/collection/GL/GM/GL_GM_3227-001.jpg,oil on panel,34.7,25.7,3227
Still Life,Samuel John Peploe,c.1920–1930,1925,https://artuk.org/discover/artworks/still-life-85626/view_as/grid/search/has_image:on--work_type:painting--makers:samuel-john-peploe-18711935/page/10,https://d3d00swyhr67nd.cloudfront.net/w944h944/collection/GL/GM/GL_GM_1839-001.jpg,oil on canvas,50.8,40.6,1839
Old Duff,Samuel John Peploe,1922,1922,https://artuk.org/discover/artworks/old-duff-85634/view_as/grid/search/has_image:on--work_type:painting--makers:samuel-john-peploe-18711935/page/10,https://d3d00swyhr67nd.cloudfront.net/w944h944/collection/GL/GM/GL_GM_2686-001.jpg,oil on canvas,101.6,74.9,2686
Pink Roses,Samuel John Peploe,,,https://artuk.org/discover/artworks/pink-roses-85646/view_as/grid/search/has_image:on--work_type:painting--makers:samuel-john-peploe-18711935/page/10,https://d3d00swyhr67nd.cloudfront.net/w944h944/collection/GL/GM/GL_GM_35_588-001.jpg,oil on canvas,61.0,50.8,35.588
Roses,Samuel John Peploe,,,https://artuk.org/discover/artworks/roses-85647/view_as/grid/search/has_image:on--work_type:painting--makers:samuel-john-peploe-18711935/page/10,https://d3d00swyhr67nd.cloudfront.net/w944h944/collection/GL/GM/GL_GM_35_589-001.jpg,oil on canvas,50.8,50.8,35.589
Still Life,Samuel John Peploe,1930,1930,https://artuk.org/discover/artworks/still-life-105006/view_as/grid/search/has_image:on--work_type:painting--makers:samuel-john-peploe-18711935/page/10,https://d3d00swyhr67nd.cloudfront.net/w944h944/collection/ABD/UA/ABD_UA_30195-001.jpg,oil on canvas,55.0,49.0,ABDUA 30195
Girl in a White Dress,Samuel John Peploe,,,https://artuk.org/discover/artworks/girl-in-a-white-dress-85645/view_as/grid/search/has_image:on--work_type:painting--makers:samuel-john-peploe-18711935/page/10,https://d3d00swyhr67nd.cloudfront.net/w944h944/collection/GL/GM/GL_GM_35_587-001.jpg,oil on canvas,61.0,40.6,35.587
"Still Life, Pink Roses",Samuel John Peploe,1926,1926,https://artuk.org/discover/artworks/still-life-pink-roses-85628/view_as/grid/search/has_image:on--work_type:painting--makers:samuel-john-peploe-18711935/page/10,https://d3d00swyhr67nd.cloudfront.net/w944h944/collection/GL/GM/GL_GM_2412-001.jpg,oil on canvas,50.8,40.6,2412
Still Life with Paint Tubes,Samuel John Peploe,c.1903,1903,https://artuk.org/discover/artworks/still-life-with-paint-tubes-85638/view_as/grid/search/has_image:on--work_type:painting--makers:samuel-john-peploe-18711935/page/10,https://d3d00swyhr67nd.cloudfront.net/w944h944/collection/GL/GM/GL_GM_3226-001.jpg,oil on panel,20.0,25.5,3226
Landscape,Samuel John Peploe,,,https://artuk.org/discover/artworks/landscape-85633/view_as/grid/search/has_image:on--work_type:painting--makers:samuel-john-peploe-18711935/page/10,https://d3d00swyhr67nd.cloudfront.net/w944h944/collection/GL/GM/GL_GM_2655-001.jpg,oil on paper,19.4,17.1,2655
Laggan Farm Buildings near Dalbeattie,Samuel John Peploe,c.1916,1916,https://artuk.org/discover/artworks/laggan-farm-buildings-near-dalbeattie-85631/view_as/grid/search/has_image:on--work_type:painting--makers:samuel-john-peploe-18711935/page/10,https://d3d00swyhr67nd.cloudfront.net/w944h944/collection/GL/GM/GL_GM_2415-001.jpg,oil on panel,31.8,38.1,2415
Coffee and Liqueur,Samuel John Peploe,c.1905,1905,https://artuk.org/discover/artworks/coffee-and-liqueur-85644/view_as/grid/search/has_image:on--work_type:painting--makers:samuel-john-peploe-18711935/page/10,https://d3d00swyhr67nd.cloudfront.net/w944h944/collection/GL/GM/GL_GM_35_586-001.jpg,oil on panel,26.7,34.3,35.586
Flower Piece,Samuel John Peploe,,,https://artuk.org/discover/artworks/flower-piece-190376/view_as/grid/search/has_image:on--work_type:painting--makers:samuel-john-peploe-18711935/page/10,https://d3d00swyhr67nd.cloudfront.net/w800h800/collection/STC/REN/STC_REN_A0409_V-001.jpg,oil on canvas,40.0,50.0,A0409
Flower Piece,Samuel John Peploe,,,https://artuk.org/discover/artworks/flower-piece-190375/view_as/grid/search/has_image:on--work_type:painting--makers:samuel-john-peploe-18711935/page/10,https://d3d00swyhr67nd.cloudfront.net/w800h800/collection/STC/REN/STC_REN_A0409_R-001.jpg,oil on canvas,50.0,40.0,A0409
Kirkcudbright,Samuel John Peploe,,,https://artuk.org/discover/artworks/kirkcudbright-190374/view_as/grid/search/has_image:on--work_type:painting--makers:samuel-john-peploe-18711935/page/10,https://d3d00swyhr67nd.cloudfront.net/w800h800/collection/STC/REN/STC_REN_A0358-001.jpg,oil on canvas,32.0,39.0,A0358
Iona,Samuel John Peploe,,,https://artuk.org/discover/artworks/iona-187869/view_as/grid/search/has_image:on--work_type:painting--makers:samuel-john-peploe-18711935/page/10,https://d3d00swyhr67nd.cloudfront.net/w800h800/collection/STC/EDS/STC_EDS_MINAG_1984_60-001.jpg,oil on board,33.0,39.5,MINAG_1984.60
Study of a Baby in a Bath,Samuel John Peploe,c.1910,1910,https://artuk.org/discover/artworks/study-of-a-baby-in-a-bath-187868/view_as/grid/search/has_image:on--work_type:painting--makers:samuel-john-peploe-18711935/page/10,https://d3d00swyhr67nd.cloudfront.net/w800h800/collection/STC/EDS/STC_EDS_MINAG_1984_132-001.jpg,oil & charcoal on paper,22.0,15.0,MINAG_1984.132
"Still Life with Bowl of Fruit, Jug, Cup and Saucer",Samuel John Peploe,1927–1929,1928,https://artuk.org/discover/artworks/still-life-with-bowl-of-fruit-jug-cup-and-saucer-33933/view_as/grid/search/has_image:on--work_type:painting--makers:samuel-john-peploe-18711935/page/10,https://d3d00swyhr67nd.cloudfront.net/w1200h1200/collection/BRM/BMAG/BRM_BMAG_1948P34JL-001.jpg,oil on panel,40.7,45.7,1948P34
Roses and Fan,Samuel John Peploe,c.1919–1922,1920,https://artuk.org/discover/artworks/roses-and-fan-92788/view_as/grid/search/has_image:on--work_type:painting--makers:samuel-john-peploe-18711935/page/10,https://d3d00swyhr67nd.cloudfront.net/w1200h1200/collection/DUN/DAGM/DUN_DAGM_12_1944-001.jpg,oil on canvas,45.7,40.6,12-1944
"Mixed Fruit – Melon, Grapes and Apples",Samuel John Peploe,1926,1926,https://artuk.org/discover/artworks/mixed-fruit-melon-grapes-and-apples-92787/view_as/grid/search/has_image:on--work_type:painting--makers:samuel-john-peploe-18711935/page/10,https://d3d00swyhr67nd.cloudfront.net/w1200h1200/collection/DUN/DAGM/DUN_DAGM_32_1956-001.jpg,oil on canvas,45.7,40.6,32-1956
"Iona, Grey Day",Samuel John Peploe,1927,1927,https://artuk.org/discover/artworks/iona-grey-day-107553/view_as/grid/search/has_image:on--work_type:painting--makers:samuel-john-peploe-18711935/page/10,https://d3d00swyhr67nd.cloudfront.net/w1200h1200/collection/ABD/AAG/ABD_AAG_ag010708-001.jpg,oil on canvas,50.8,61.3,ABDAG010708
Mrs Peploe,Samuel John Peploe,1907,1907,https://artuk.org/discover/artworks/mrs-peploe-107555/view_as/grid/search/has_image:on--work_type:painting--makers:samuel-john-peploe-18711935/page/10,https://d3d00swyhr67nd.cloudfront.net/w1200h1200/collection/ABD/AAG/ABD_AAG_ag010710-001.jpg,oil on canvas,61.4,51.3,ABDAG010710
River,Samuel John Peploe,1932–1933,1932,https://artuk.org/discover/artworks/river-107551/view_as/grid/search/has_image:on--work_type:painting--makers:samuel-john-peploe-18711935/page/10,https://d3d00swyhr67nd.cloudfront.net/w1200h1200/collection/ABD/AAG/ABD_AAG_ag010706-001.jpg,oil on canvas,53.0,63.2,ABDAG010706
Aspidistra,Samuel John Peploe,1927,1927,https://artuk.org/discover/artworks/aspidistra-107560/view_as/grid/search/has_image:on--work_type:painting--makers:samuel-john-peploe-18711935/page/10,https://d3d00swyhr67nd.cloudfront.net/w1200h1200/collection/ABD/AAG/ABD_AAG_ag010715-001.jpg,oil on canvas,71.2,51.5,ABDAG010715
"Blue Sea, Iona",Samuel John Peploe,1927,1927,https://artuk.org/discover/artworks/blue-sea-iona-107557/view_as/grid/search/has_image:on--work_type:painting--makers:samuel-john-peploe-18711935/page/10,https://d3d00swyhr67nd.cloudfront.net/w1200h1200/collection/ABD/AAG/ABD_AAG_ag010712-001.jpg,oil on canvas,51.0,61.3,ABDAG010712
"Jeffrey's Brewery, Edinburgh",Samuel John Peploe,c.1900,1900,https://artuk.org/discover/artworks/jeffreys-brewery-edinburgh-107559/view_as/grid/search/has_image:on--work_type:painting--makers:samuel-john-peploe-18711935/page/10,https://d3d00swyhr67nd.cloudfront.net/w1200h1200/collection/ABD/AAG/ABD_AAG_AG010714.jpg,oil on board,16.0,23.8,ABDAG010714
Studio Interior,Samuel John Peploe,1929,1929,https://artuk.org/discover/artworks/studio-interior-107561/view_as/grid/search/has_image:on--work_type:painting--makers:samuel-john-peploe-18711935/page/10,https://d3d00swyhr67nd.cloudfront.net/w1200h1200/collection/ABD/AAG/ABD_AAG_ag010716-001.jpg,oil on canvas,76.5,63.6,ABDAG010716
White Roses and Grapes,Samuel John Peploe,,,https://artuk.org/discover/artworks/white-roses-and-grapes-94307/view_as/grid/search/has_image:on--work_type:painting--makers:samuel-john-peploe-18711935/page/10,https://d3d00swyhr67nd.cloudfront.net/w1200h1200/collection/EDI/UNI/EDI_UNI_EU_0069-001.jpg,oil on canvas,44.0,39.0,EU0069
Still Life,Samuel John Peploe,,,https://artuk.org/discover/artworks/still-life-23494/view_as/grid/search/has_image:on--work_type:painting--makers:samuel-john-peploe-18711935/page/10,https://d3d00swyhr67nd.cloudfront.net/w1200h1200/collection/WYR/BMGH/WYR_BMGH_1936_041-001.jpg,oil on canvas,40.5,51.0,1936-041
Pink Roses,Samuel John Peploe,,,https://artuk.org/discover/artworks/pink-roses-214843/view_as/grid/search/has_image:on--work_type:painting--makers:samuel-john-peploe-18711935/page/10,https://d3d00swyhr67nd.cloudfront.net/w1200h1200/collection/SS/SAYC/SS_SAYC_AYRRH_000585-001.jpg,oil on canvas,44.5,37.0,AYRRH_000585
Yellow Tulips and Statuette,Samuel John Peploe,c.1912–1927,1920,https://artuk.org/discover/artworks/yellow-tulips-and-statuette-37257/view_as/grid/search/has_image:on--work_type:painting--makers:samuel-john-peploe-18711935/page/10,https://d3d00swyhr67nd.cloudfront.net/w1200h1200/collection/TWMS/LAG/TWMS_LAG_TWCMS_B8110-001.jpg,oil on canvas,55.6,50.8,TWCMS _ B8110
Still Life of Roses and a Bowl of Apples on a Green Tablecloth,Samuel John Peploe,,,https://artuk.org/discover/artworks/still-life-of-roses-and-a-bowl-of-apples-on-a-green-tablecloth-230336/view_as/grid/search/has_image:on--work_type:painting--makers:samuel-john-peploe-18711935/page/10,https://d3d00swyhr67nd.cloudfront.net/w1200h1200/collection/WS/PALG/WS_PALG_2328-001.jpg,oil on canvas,508.0,406.4,2328
"Samuel John Peploe (1871–1935), Artist, Self Portrait",Samuel John Peploe,,,https://artuk.org/discover/artworks/samuel-john-peploe-18711935-artist-self-portrait-213032/view_as/grid/search/has_image:on--work_type:painting--makers:samuel-john-peploe-18711935/page/10,https://d3d00swyhr67nd.cloudfront.net/w1200h1200/collection/NGS/NGS/NGS_NGS_PG_1831-001.jpg,oil on canvas,50.8,40.6,PG 1831
Little Nude,Samuel John Peploe,c.1927–1930,1928,https://artuk.org/discover/artworks/little-nude-211602/view_as/grid/search/has_image:on--work_type:painting--makers:samuel-john-peploe-18711935/page/10,https://d3d00swyhr67nd.cloudfront.net/w1200h1200/collection/NGS/NGS/NGS_NGS_GMA_30-001.jpg,oil on canvas,40.5,45.8,GMA 30
Iona,Samuel John Peploe,c.1923,1923,https://artuk.org/discover/artworks/iona-211600/view_as/grid/search/has_image:on--work_type:painting--makers:samuel-john-peploe-18711935/page/10,https://d3d00swyhr67nd.cloudfront.net/w1200h1200/collection/NGS/NGS/NGS_NGS_GMA_5157-001.jpg,oil on plywood,37.8,45.4,GMA 5157
Tulips – The Blue Jug,Samuel John Peploe,c.1919,1919,https://artuk.org/discover/artworks/tulips-the-blue-jug-211597/view_as/grid/search/has_image:on--work_type:painting--makers:samuel-john-peploe-18711935/page/10,https://d3d00swyhr67nd.cloudfront.net/w1200h1200/collection/NGS/NGS/NGS_NGS_GMA_29-001.jpg,oil on canvas,51.0,61.0,GMA 29
Still Life,Samuel John Peploe,c.1913,1913,https://artuk.org/discover/artworks/still-life-211595/view_as/grid/search/has_image:on--work_type:painting--makers:samuel-john-peploe-18711935/page/10,https://d3d00swyhr67nd.cloudfront.net/w1200h1200/collection/NGS/NGS/NGS_NGS_GMA_32-001.jpg,oil on canvas,55.0,46.0,GMA 32
Roses,Samuel John Peploe,c.1920–1925,1922,https://artuk.org/discover/artworks/roses-211599/view_as/grid/search/has_image:on--work_type:painting--makers:samuel-john-peploe-18711935/page/10,https://d3d00swyhr67nd.cloudfront.net/w1200h1200/collection/NGS/NGS/NGS_NGS_GMA_27-001.jpg,oil on canvas,50.8,61.0,GMA 27
Man Laughing (Tom Morris),Samuel John Peploe,c.1902,1902,https://artuk.org/discover/artworks/man-laughing-tom-morris-211586/view_as/grid/search/has_image:on--work_type:painting--makers:samuel-john-peploe-18711935/page/10,https://d3d00swyhr67nd.cloudfront.net/w1200h1200/collection/NGS/NGS/NGS_NGS_GMA_33-001.jpg,oil on canvas,71.8,51.1,GMA 33
Boats at Royan,Samuel John Peploe,1910,1910,https://artuk.org/discover/artworks/boats-at-royan-211580/view_as/grid/search/has_image:on--work_type:painting--makers:samuel-john-peploe-18711935/page/10,https://d3d00swyhr67nd.cloudfront.net/w1200h1200/collection/NGS/NGS/NGS_NGS_GMA_1949-001.jpg,oil on board,27.0,34.9,GMA 1949
Roses in a Grey Jar,Samuel John Peploe,c.1933,1933,https://artuk.org/discover/artworks/roses-in-a-grey-jar-214439/view_as/grid/search/has_image:on--work_type:painting--makers:samuel-john-peploe-18711935/page/10,https://d3d00swyhr67nd.cloudfront.net/w1200h1200/collection/NGS/NGS/NGS_NGS_GMA_34-001.jpg,oil on canvas,50.8,40.6,GMA 34
Kirkcudbright,Samuel John Peploe,1914,1914,https://artuk.org/discover/artworks/kirkcudbright-218425/view_as/grid/search/has_image:on--work_type:painting--makers:samuel-john-peploe-18711935/page/10,https://d3d00swyhr67nd.cloudfront.net/w1200h1200/collection/WMRII/FWF/WMRII_FWF_102082-001.jpg,oil on canvas,53.3,63.5,FWAF_RF223
Roses,Samuel John Peploe,,,https://artuk.org/discover/artworks/roses-218426/view_as/grid/search/has_image:on--work_type:painting--makers:samuel-john-peploe-18711935/page/10,https://d3d00swyhr67nd.cloudfront.net/w1200h1200/collection/WMRII/FWF/WMRII_FWF_102083-001.jpg,oil on canvas,20.0,20.0,FWAF_RF178
Lady in a White Dress,Samuel John Peploe,1906,1906,https://artuk.org/discover/artworks/lady-in-a-white-dress-218423/view_as/grid/search/has_image:on--work_type:painting--makers:samuel-john-peploe-18711935/page/10,https://d3d00swyhr67nd.cloudfront.net/w1200h1200/collection/WMRII/FWF/WMRII_FWF_102080-001.jpg,oil on panel,30.4,35.5,FWAF_RF26
Perthshire Landscape,Samuel John Peploe,,,https://artuk.org/discover/artworks/perthshire-landscape-218430/view_as/grid/search/has_image:on--work_type:painting--makers:samuel-john-peploe-18711935/page/10,https://d3d00swyhr67nd.cloudfront.net/w1200h1200/collection/WMRII/FWF/WMRII_FWF_PCF25-001.jpg,oil on canvas,72.0,82.0,FWAF_RF370
Luxembourg Gardens,Samuel John Peploe,,,https://artuk.org/discover/artworks/luxembourg-gardens-218429/view_as/grid/search/has_image:on--work_type:painting--makers:samuel-john-peploe-18711935/page/10,https://d3d00swyhr67nd.cloudfront.net/w1200h1200/collection/WMRII/FWF/WMRII_FWF_183025-001.jpg,oil on wood panel,35.6,27.9,FWAF_RF480
Nannie (Mary Sanderson),Samuel John Peploe,c.1908,1908,https://artuk.org/discover/artworks/nannie-mary-sanderson-91209/view_as/grid/search/has_image:on--work_type:painting--makers:samuel-john-peploe-18711935/page/10,https://d3d00swyhr67nd.cloudfront.net/w1200h1200/collection/DUN/UOD/DUN_UOD_ARTS_111-001.jpg,oil on canvas,49.5,29.0,DUNUC ARTS_111
Cassis,Samuel John Peploe,1913,1913,https://artuk.org/discover/artworks/cassis-138828/view_as/grid/search/has_image:on--work_type:painting--makers:samuel-john-peploe-18711935/page/10,https://d3d00swyhr67nd.cloudfront.net/w1200h1200/collection/GLA/HAG/GLA_HAG_43997-001.jpg,oil on panel,32.6,41.0,GLAHA_43997
The Aloe Tree,Samuel John Peploe,1925,1925,https://artuk.org/discover/artworks/the-aloe-tree-205789/view_as/grid/search/has_image:on--work_type:painting--makers:samuel-john-peploe-18711935/page/10,https://d3d00swyhr67nd.cloudfront.net/w1200h1200/collection/GMIII/MCAG/GMIII_MCAG_1929_376-001.jpg,oil on canvas,61.0,50.9,1929.376
"Spring, Comrie",Samuel John Peploe,1902,1902,https://artuk.org/discover/artworks/spring-comrie-124865/view_as/grid/search/has_image:on--work_type:painting--makers:samuel-john-peploe-18711935/page/10,https://d3d00swyhr67nd.cloudfront.net/w1200h1200/collection/CSF/FIFE/CSF_FIFE_KIRMG_322-001.jpg,oil on canvas,41.0,51.0,KIRMG_322
The Green Jar,Samuel John Peploe,1930,1930,https://artuk.org/discover/artworks/the-green-jar-124878/view_as/grid/search/has_image:on--work_type:painting--makers:samuel-john-peploe-18711935/page/10,https://d3d00swyhr67nd.cloudfront.net/w1200h1200/collection/CSF/FIFE/CSF_FIFE_KIRMG_307-001.jpg,oil on canvas,35.5,30.5,KIRMG_307
Self Portrait,Samuel John Peploe,,,https://artuk.org/discover/artworks/self-portrait-124854/view_as/grid/search/has_image:on--work_type:painting--makers:samuel-john-peploe-18711935/page/10,https://d3d00swyhr67nd.cloudfront.net/w1200h1200/collection/CSF/FIFE/CSF_FIFE_KIRMG_173-001.jpg,oil on canvas,47.5,30.5,KIRMG_173
Tulips,Samuel John Peploe,1925,1925,https://artuk.org/discover/artworks/tulips-124874/view_as/grid/search/has_image:on--work_type:painting--makers:samuel-john-peploe-18711935/page/10,https://d3d00swyhr67nd.cloudfront.net/w1200h1200/collection/CSF/FIFE/CSF_FIFE_KIRMG_326-001.jpg,oil on canvas,47.0,41.5,KIRMG_326
North Berwick Sands,Samuel John Peploe,1896,1896,https://artuk.org/discover/artworks/north-berwick-sands-124863/view_as/grid/search/has_image:on--work_type:painting--makers:samuel-john-peploe-18711935/page/10,https://d3d00swyhr67nd.cloudfront.net/w1200h1200/collection/CSF/FIFE/CSF_FIFE_KIRMG_312-001.jpg,oil on canvas,38.0,31.0,KIRMG_312
"Sea Piece, Barra",Samuel John Peploe,,,https://artuk.org/discover/artworks/sea-piece-barra-124862/view_as/grid/search/has_image:on--work_type:painting--makers:samuel-john-peploe-18711935/page/10,https://d3d00swyhr67nd.cloudfront.net/w1200h1200/collection/CSF/FIFE/CSF_FIFE_KIRMG_345-001.jpg,oil on panel,25.0,30.5,KIRMG_345
Flowers against a Dark Background,Samuel John Peploe,1899,1899,https://artuk.org/discover/artworks/flowers-against-a-dark-background-124864/view_as/grid/search/has_image:on--work_type:painting--makers:samuel-john-peploe-18711935/page/10,https://d3d00swyhr67nd.cloudfront.net/w1200h1200/collection/CSF/FIFE/CSF_FIFE_KIRMG_306-001.jpg,oil on canvas,31.0,26.0,KIRMG_306
Smiling Girl,Samuel John Peploe,,,https://artuk.org/discover/artworks/smiling-girl-124859/view_as/grid/search/has_image:on--work_type:painting--makers:samuel-john-peploe-18711935/page/10,https://d3d00swyhr67nd.cloudfront.net/w1200h1200/collection/CSF/FIFE/CSF_FIFE_KIRMG_321-001.jpg,oil on canvas,55.5,48.5,KIRMG_321
The Black Shawl,Samuel John Peploe,c.1904,1904,https://artuk.org/discover/artworks/the-black-shawl-92789/view_as/grid/search/has_image:on--work_type:painting--makers:samuel-john-peploe-18711935/page/10,https://d3d00swyhr67nd.cloudfront.net/w1200h1200/collection/DUN/DAGM/DUN_DAGM_12_1984-001.jpg,oil on canvas,50.8,40.6,12-1984
Douglas Hall,Samuel John Peploe,1918,1918,https://artuk.org/discover/artworks/douglas-hall-196035/view_as/grid/search/has_image:on--work_type:painting--makers:samuel-john-peploe-18711935/page/10,https://d3d00swyhr67nd.cloudfront.net/w1200h1200/collection/NTS/BROE/NTS_BROE_73_548-001.jpg,oil on panel,31.5,39.5,73.548
Roses,Samuel John Peploe,,,https://artuk.org/discover/artworks/roses-197571/view_as/grid/search/has_image:on--work_type:painting--makers:samuel-john-peploe-18711935/page/10,https://d3d00swyhr67nd.cloudfront.net/w1200h1200/collection/NTS/TAS/NTS_TAS_203_7-001.jpg,oil on canvas,49.7,39.5,203.7
"Near Calvine, Perthshire",Samuel John Peploe,,,https://artuk.org/discover/artworks/near-calvine-perthshire-197489/view_as/grid/search/has_image:on--work_type:painting--makers:samuel-john-peploe-18711935/page/10,https://d3d00swyhr67nd.cloudfront.net/w1200h1200/collection/NTS/HDUN/NTS_CZN_99_124-001.jpg,oil on canvas,39.4,48.9,99.124
"Street Scene, Paris",Samuel John Peploe,,,https://artuk.org/discover/artworks/street-scene-paris-197487/view_as/grid/search/has_image:on--work_type:painting--makers:samuel-john-peploe-18711935/page/10,https://d3d00swyhr67nd.cloudfront.net/w1200h1200/collection/NTS/HDUN/NTS_HDUN_99_122.jpg,oil on board,26.0,21.0,99.122
North Berwick,Samuel John Peploe,1903,1903,https://artuk.org/discover/artworks/north-berwick-211576/view_as/grid/search/has_image:on--work_type:painting--makers:samuel-john-peploe-18711935/page/10,https://d3d00swyhr67nd.cloudfront.net/w1200h1200/collection/NGS/NGS/NGS_NGS_GMA_1945-001.jpg,oil on board,16.0,23.9,GMA 1945
Iona Landscape: Rocks,Samuel John Peploe,c.1925–1927,1926,https://artuk.org/discover/artworks/iona-landscape-rocks-211601/view_as/grid/search/has_image:on--work_type:painting--makers:samuel-john-peploe-18711935/page/10,https://d3d00swyhr67nd.cloudfront.net/w1200h1200/collection/NGS/NGS/NGS_NGS_GMA_1942-001.jpg,oil on canvas,40.9,46.0,GMA 1942
Waves,Samuel John Peploe,c.1903,1903,https://artuk.org/discover/artworks/waves-211587/view_as/grid/search/has_image:on--work_type:painting--makers:samuel-john-peploe-18711935/page/10,https://d3d00swyhr67nd.cloudfront.net/w1200h1200/collection/NGS/NGS/NGS_NGS_GMA_35-001.jpg,oil on wood,16.0,24.0,GMA 35
Roses and Still Life,Samuel John Peploe,,,https://artuk.org/discover/artworks/roses-and-still-life-91208/view_as/grid/search/has_image:on--work_type:painting--makers:samuel-john-peploe-18711935/page/10,https://d3d00swyhr67nd.cloudfront.net/w1200h1200/collection/DUN/UOD/DUN_UOD_ARTS_110-001.jpg,oil on canvas,65.0,50.0,DUNUC ARTS_110
Still Life,Samuel John Peploe,,,https://artuk.org/discover/artworks/still-life-20068/view_as/grid/search/has_image:on--work_type:painting--makers:samuel-john-peploe-18711935/page/10,https://d3d00swyhr67nd.cloudfront.net/w1200h1200/collection/STF/STKMG/STF_STKMG_1960_FA_123-001.jpg,oil on canvas,43.0,53.5,1960.FA.123
Still Life with Fruit,Samuel John Peploe,,,https://artuk.org/discover/artworks/still-life-with-fruit-215362/view_as/grid/search/has_image:on--work_type:painting--makers:samuel-john-peploe-18711935/page/10,https://d3d00swyhr67nd.cloudfront.net/w1200h1200/collection/SS/DGG/SS_DGG_DGDET_229D-001.jpg,oil on canvas,48.9,55.0,DGDET 229D
Still Life with Fruit,Samuel John Peploe,,,https://artuk.org/discover/artworks/still-life-with-fruit-215360/view_as/grid/search/has_image:on--work_type:painting--makers:samuel-john-peploe-18711935/page/10,https://d3d00swyhr67nd.cloudfront.net/w1200h1200/collection/SS/DGG/SS_DGG_DGDET_226D-001.jpg,oil on canvas,49.7,39.6,DGDET 226D
Flowers*,Samuel John Peploe,,,https://artuk.org/discover/artworks/flowers-215363/view_as/grid/search/has_image:on--work_type:painting--makers:samuel-john-peploe-18711935/page/10,https://d3d00swyhr67nd.cloudfront.net/w1200h1200/collection/SS/DGG/SS_DGG_DGET_223Da-001.jpg,oil on canvas,51.7,42.0,DGDET 223Da
"Green Sea, Iona",Samuel John Peploe,,,https://artuk.org/discover/artworks/green-sea-iona-218427/view_as/grid/search/has_image:on--work_type:painting--makers:samuel-john-peploe-18711935/page/10,https://d3d00swyhr67nd.cloudfront.net/w1200h1200/collection/WMRII/FWF/WMRII_FWF_109282-001.jpg,oil on canvas,50.8,60.9,FWAF_RF179
Flowers in a Silver Jug,Samuel John Peploe,,,https://artuk.org/discover/artworks/flowers-in-a-silver-jug-218422/view_as/grid/search/has_image:on--work_type:painting--makers:samuel-john-peploe-18711935/page/10,https://d3d00swyhr67nd.cloudfront.net/w1200h1200/collection/WMRII/FWF/WMRII_FWF_102079-001.jpg,oil on panel,25.4,34.9,FWAF_RF323
On the Brittany Coast,Samuel John Peploe,,,https://artuk.org/discover/artworks/on-the-brittany-coast-135416/view_as/grid/search/has_image:on--work_type:painting--makers:samuel-john-peploe-18711935/page/10,https://d3d00swyhr67nd.cloudfront.net/w1200h1200/collection/LNE/WMG/LNE_WMG_BRO74-001.jpg,oil on wood,18.0,22.5,BrO74
"Street in Comrie, Perthshire",Samuel John Peploe,1902,1902,https://artuk.org/discover/artworks/street-in-comrie-perthshire-107566/view_as/grid/search/has_image:on--work_type:painting--makers:samuel-john-peploe-18711935/page/10,https://d3d00swyhr67nd.cloudfront.net/w1200h1200/collection/ABD/AAG/ABD_AAG_ag010721-001.jpg,oil on canvas,41.1,51.0,ABDAG010721
"Comrie, Perthshire",Samuel John Peploe,c.1900,1900,https://artuk.org/discover/artworks/comrie-perthshire-107562/view_as/grid/search/has_image:on--work_type:painting--makers:samuel-john-peploe-18711935/page/10,https://d3d00swyhr67nd.cloudfront.net/w1200h1200/collection/ABD/AAG/ABD_AAG_AG010717.jpg,oil on board,12.5,20.9,ABDAG010717
"The Cart, Comrie, Perthshire",Samuel John Peploe,1900,1900,https://artuk.org/discover/artworks/the-cart-comrie-perthshire-107563/view_as/grid/search/has_image:on--work_type:painting--makers:samuel-john-peploe-18711935/page/10,https://d3d00swyhr67nd.cloudfront.net/w1200h1200/collection/ABD/AAG/ABD_AAG_AG010718.jpg,oil on board,12.8,20.7,ABDAG010718
Landscape,Samuel John Peploe,1932,1932,https://artuk.org/discover/artworks/landscape-107549/view_as/grid/search/has_image:on--work_type:painting--makers:samuel-john-peploe-18711935/page/10,https://d3d00swyhr67nd.cloudfront.net/w1200h1200/collection/ABD/AAG/ABD_AAG_AG010704.jpg,oil on canvas,41.0,50.8,ABDAG010704
"Still Life, Painter's Materials",Samuel John Peploe,1900–1905,1902,https://artuk.org/discover/artworks/still-life-painters-materials-107556/view_as/grid/search/has_image:on--work_type:painting--makers:samuel-john-peploe-18711935/page/10,https://d3d00swyhr67nd.cloudfront.net/w1200h1200/collection/ABD/AAG/ABD_AAG_AG010711.jpg,oil on canvas,41.1,51.1,ABDAG010711
Anemones in a Brown Jar,Samuel John Peploe,,,https://artuk.org/discover/artworks/anemones-in-a-brown-jar-196668/view_as/grid/search/has_image:on--work_type:painting--makers:samuel-john-peploe-18711935/page/10,https://d3d00swyhr67nd.cloudfront.net/w1200h1200/collection/NTS/GREG/NTS_GREG_94_908-001.jpg,oil on canvas,44.5,39.5,94.908
Studio Interior,Samuel John Peploe,,,https://artuk.org/discover/artworks/studio-interior-66198/view_as/grid/search/has_image:on--work_type:painting--makers:samuel-john-peploe-18711935/page/10,https://d3d00swyhr67nd.cloudfront.net/w1200h1200/collection/MER/SEC/MER_SEC_910-001.jpg,oil on canvas,59.7,48.2,SOPAG_910
Still Life with Tulips and Oranges,Samuel John Peploe,,,https://artuk.org/discover/artworks/still-life-with-tulips-and-oranges-145442/view_as/grid/search/has_image:on--work_type:painting--makers:samuel-john-peploe-18711935/page/10,https://d3d00swyhr67nd.cloudfront.net/w1200h1200/collection/CBR/AHK/CBR_AHK_AH_1797_78-001.jpg,oil on canvas,53.0,44.0,AH 1797_78
"Ben More from Martyrs Bay, Iona",Samuel John Peploe,c.1925,1925,https://artuk.org/discover/artworks/ben-more-from-martyrs-bay-iona-138834/view_as/grid/search/has_image:on--work_type:painting--makers:samuel-john-peploe-18711935/page/10,https://d3d00swyhr67nd.cloudfront.net/w1200h1200/collection/GLA/HAG/GLA_HAG_43995-001.jpg,oil on canvas,63.5,76.0,GLAHA_43995
Tulips and Cups,Samuel John Peploe,c.1912,1912,https://artuk.org/discover/artworks/tulips-and-cups-138832/view_as/grid/search/has_image:on--work_type:painting--makers:samuel-john-peploe-18711935/page/10,https://d3d00swyhr67nd.cloudfront.net/w1200h1200/collection/GLA/HAG/GLA_HAG_41370-001.jpg,oil on canvas,45.6,40.7,GLAHA_41370
A Paris Street,Samuel John Peploe,c.1907,1907,https://artuk.org/discover/artworks/a-paris-street-138831/view_as/grid/search/has_image:on--work_type:painting--makers:samuel-john-peploe-18711935/page/10,https://d3d00swyhr67nd.cloudfront.net/w1200h1200/collection/GLA/HAG/GLA_HAG_43998-001.jpg,oil on panel,19.0,24.0,GLAHA_43998
Tulips,Samuel John Peploe,1923,1923,https://artuk.org/discover/artworks/tulips-201202/view_as/grid/search/has_image:on--work_type:painting--makers:samuel-john-peploe-18711935/page/10,https://d3d00swyhr67nd.cloudfront.net/w1200h1200/collection/TATE/TATE/TATE_TATE_N04224_10-001.jpg,Oil on canvas,61.0,50.8,N04224
"Palm Trees, Antibes",Samuel John Peploe,1928,1928,https://artuk.org/discover/artworks/palm-trees-antibes-124876/view_as/grid/search/has_image:on--work_type:painting--makers:samuel-john-peploe-18711935/page/10,https://d3d00swyhr67nd.cloudfront.net/w1200h1200/collection/CSF/FIFE/CSF_FIFE_KIRMG_313-001.jpg,oil on canvas,61.5,51.5,KIRMG_313
Pears and Bowl,Samuel John Peploe,,,https://artuk.org/discover/artworks/pears-and-bowl-124847/view_as/grid/search/has_image:on--work_type:painting--makers:samuel-john-peploe-18711935/page/10,https://d3d00swyhr67nd.cloudfront.net/w1200h1200/collection/CSF/FIFE/CSF_FIFE_KIRMG_315-001.jpg,oil on canvas,41.0,46.0,KIRMG_315
Park Scene,Samuel John Peploe,1910,1910,https://artuk.org/discover/artworks/park-scene-124869/view_as/grid/search/has_image:on--work_type:painting--makers:samuel-john-peploe-18711935/page/10,https://d3d00swyhr67nd.cloudfront.net/w1200h1200/collection/CSF/FIFE/CSF_FIFE_KIRMG_314-001.jpg,oil on canvas,19.0,24.0,KIRMG_314
Peggy McRae,Samuel John Peploe,1909,1909,https://artuk.org/discover/artworks/peggy-mcrae-124867/view_as/grid/search/has_image:on--work_type:painting--makers:samuel-john-peploe-18711935/page/10,https://d3d00swyhr67nd.cloudfront.net/w1200h1200/collection/CSF/FIFE/CSF_FIFE_KIRMG_317-001.jpg,oil on canvas,61.5,51.0,KIRMG_317
Jug and Yellow Fruit,Samuel John Peploe,1911,1911,https://artuk.org/discover/artworks/jug-and-yellow-fruit-124871/view_as/grid/search/has_image:on--work_type:painting--makers:samuel-john-peploe-18711935/page/10,https://d3d00swyhr67nd.cloudfront.net/w1200h1200/collection/CSF/FIFE/CSF_FIFE_KIRMG_309-001.jpg,oil on panel,33.5,41.0,KIRMG_309
"Pear, Plums and Knives",Samuel John Peploe,,,https://artuk.org/discover/artworks/pear-plums-and-knives-124849/view_as/grid/search/has_image:on--work_type:painting--makers:samuel-john-peploe-18711935/page/10,https://d3d00swyhr67nd.cloudfront.net/w1200h1200/collection/CSF/FIFE/CSF_FIFE_KIRMG_316-001.jpg,oil on canvas,17.0,27.0,KIRMG_316
Lilies,Samuel John Peploe,,,https://artuk.org/discover/artworks/lilies-124845/view_as/grid/search/has_image:on--work_type:painting--makers:samuel-john-peploe-18711935/page/10,https://d3d00swyhr67nd.cloudfront.net/w1200h1200/collection/CSF/FIFE/CSF_FIFE_KIRMG_311-001.jpg,oil on canvas,51.0,41.0,KIRMG_311
Rocks at Iona,Samuel John Peploe,,,https://artuk.org/discover/artworks/rocks-at-iona-205790/view_as/grid/search/has_image:on--work_type:painting--makers:samuel-john-peploe-18711935/page/10,https://d3d00swyhr67nd.cloudfront.net/w1200h1200/collection/GMIII/MCAG/GMIII_MCAG_1944_14-001.jpg,oil on panel,32.0,39.8,1944.14
Still Life with Roses and a Mirror,Samuel John Peploe,1915–1935,1925,https://artuk.org/discover/artworks/still-life-with-roses-and-a-mirror-197488/view_as/grid/search/has_image:on--work_type:painting--makers:samuel-john-peploe-18711935/page/10,https://d3d00swyhr67nd.cloudfront.net/w1200h1200/collection/NTS/HDUN/NTS_CZN_99_123-001.jpg,oil on canvas,49.5,39.4,99.123
Farmyard,Samuel John Peploe,c.1901,1901,https://artuk.org/discover/artworks/farmyard-128890/view_as/grid/search/has_image:on--work_type:painting--makers:samuel-john-peploe-18711935/page/10,https://d3d00swyhr67nd.cloudfront.net/w1200h1200/collection/PKA/PKC/PKA_PKC_1_181A-001.jpg,oil on panel,16.0,23.8,1_181A
Trees at Cassis,Samuel John Peploe,,,https://artuk.org/discover/artworks/trees-at-cassis-218432/view_as/grid/search/has_image:on--work_type:painting--makers:samuel-john-peploe-18711935/page/10,https://d3d00swyhr67nd.cloudfront.net/w1200h1200/collection/WMRII/FWF/WMRII_FWF_PCF27-001.jpg,oil on board,66.0,77.0,FWAF_RF29
"Pink Roses, Chinese Vase",Samuel John Peploe,c.1916–1920,1918,https://artuk.org/discover/artworks/pink-roses-chinese-vase-211596/view_as/grid/search/has_image:on--work_type:painting--makers:samuel-john-peploe-18711935/page/10,https://d3d00swyhr67nd.cloudfront.net/w1200h1200/collection/NGS/NGS/NGS_NGS_GMA_1947-001.jpg,oil on canvas,45.7,41.0,GMA 1947
Landscape at Cassis,Samuel John Peploe,1924,1924,https://artuk.org/discover/artworks/landscape-at-cassis-211583/view_as/grid/search/has_image:on--work_type:painting--makers:samuel-john-peploe-18711935/page/10,https://d3d00swyhr67nd.cloudfront.net/w1200h1200/collection/NGS/NGS/NGS_NGS_GMA_866-001.jpg,oil on canvas,55.4,45.7,GMA 866
Rocks at Barra,Samuel John Peploe,1903,1903,https://artuk.org/discover/artworks/rocks-at-barra-211579/view_as/grid/search/has_image:on--work_type:painting--makers:samuel-john-peploe-18711935/page/10,https://d3d00swyhr67nd.cloudfront.net/w1200h1200/collection/NGS/NGS/NGS_NGS_GMA_1935-001.jpg,oil on board,16.4,24.0,GMA 1935
Peonies,Samuel John Peploe,c.1900–1905,1902,https://artuk.org/discover/artworks/peonies-211585/view_as/grid/search/has_image:on--work_type:painting--makers:samuel-john-peploe-18711935/page/10,https://d3d00swyhr67nd.cloudfront.net/w1200h1200/collection/NGS/NGS/NGS_NGS_GMA_1946-001.jpg,oil on wood,24.0,16.3,GMA 1946
Étaples,Samuel John Peploe,c.1906,1906,https://artuk.org/discover/artworks/taples-211590/view_as/grid/search/has_image:on--work_type:painting--makers:samuel-john-peploe-18711935/page/10,https://d3d00swyhr67nd.cloudfront.net/w1200h1200/collection/NGS/NGS/NGS_NGS_GMA_1937-001.jpg,oil on wood,19.0,24.2,GMA 1937
"Landscape, South of France",Samuel John Peploe,c.1928,1928,https://artuk.org/discover/artworks/landscape-south-of-france-211603/view_as/grid/search/has_image:on--work_type:painting--makers:samuel-john-peploe-18711935/page/10,https://d3d00swyhr67nd.cloudfront.net/w1200h1200/collection/NGS/NGS/NGS_NGS_GMA_1103-001.jpg,oil on canvas,50.5,55.9,GMA 1103
Still Life with Melon,Samuel John Peploe,c.1920,1920,https://artuk.org/discover/artworks/still-life-with-melon-211598/view_as/grid/search/has_image:on--work_type:painting--makers:samuel-john-peploe-18711935/page/10,https://d3d00swyhr67nd.cloudfront.net/w1200h1200/collection/NGS/NGS/NGS_NGS_GMA_1951-001.jpg,oil on canvas,45.8,40.5,GMA 1951
"A Rocky Shore, Iona",Samuel John Peploe,,,https://artuk.org/discover/artworks/a-rocky-shore-iona-93690/view_as/grid/search/has_image:on--work_type:painting--makers:samuel-john-peploe-18711935/page/10,https://d3d00swyhr67nd.cloudfront.net/w1200h1200/collection/EDI/CITY/EDI_CITY_CAC_198_1964-001.jpg,oil on canvas,40.7,50.5,CAC198_1964
Roses,Samuel John Peploe,,,https://artuk.org/discover/artworks/roses-122663/view_as/grid/search/has_image:on--work_type:painting--makers:samuel-john-peploe-18711935/page/10,https://d3d00swyhr67nd.cloudfront.net/w1200h1200/collection/NI/NMNI/NI_NMNI_BELUM_U483-001.jpg,oil on canvas,50.9,40.5,BELUM.U483
Cyclamen,Samuel John Peploe,,,https://artuk.org/discover/artworks/cyclamen-94308/view_as/grid/search/has_image:on--work_type:painting--makers:samuel-john-peploe-18711935/page/10,https://d3d00swyhr67nd.cloudfront.net/w1200h1200/collection/EDI/UNI/EDI_UNI_EU_0181-001.jpg,oil on canvas,44.0,39.0,EU0181
Interior,Samuel John Peploe,,,https://artuk.org/discover/artworks/interior-107554/view_as/grid/search/has_image:on--work_type:painting--makers:samuel-john-peploe-18711935/page/10,https://d3d00swyhr67nd.cloudfront.net/w1200h1200/collection/ABD/AAG/ABD_AAG_ag010709-001.jpg,oil on canvas,38.0,30.5,ABDAG010709
"Landscape, Cassis, France",Samuel John Peploe,c.1924,1924,https://artuk.org/discover/artworks/landscape-cassis-france-107569/view_as/grid/search/has_image:on--work_type:painting--makers:samuel-john-peploe-18711935/page/10,https://d3d00swyhr67nd.cloudfront.net/w1200h1200/collection/ABD/AAG/ABD_AAG_ag003850-001.jpg,oil on canvas,63.5,53.5,ABDAG003850
Martagon Lilies,Samuel John Peploe,late 1920s,1920,https://artuk.org/discover/artworks/martagon-lilies-78817/view_as/grid/search/has_image:on--work_type:painting--makers:samuel-john-peploe-18711935/page/10,https://d3d00swyhr67nd.cloudfront.net/w1200h1200/collection/ERY/FG/ERY_FG_2005_5261-001.jpg,oil on canvas,44.5,39.5,KINCM_2005.5261
Still Life with a Brown Crock,Samuel John Peploe,1917–1918,1918,https://artuk.org/discover/artworks/still-life-with-a-brown-crock-138824/view_as/grid/search/has_image:on--work_type:painting--makers:samuel-john-peploe-18711935/page/10,https://d3d00swyhr67nd.cloudfront.net/w1200h1200/collection/GLA/HAG/GLA_HAG_44002-001.jpg,oil on canvas,50.7,31.0,GLAHA_44002
"Iona (recto), Still Life with Flowers (verso)",Samuel John Peploe,,,https://artuk.org/discover/artworks/iona-recto-still-life-with-flowers-verso-138825/view_as/grid/search/has_image:on--work_type:painting--makers:samuel-john-peploe-18711935/page/10,https://d3d00swyhr67nd.cloudfront.net/w1200h1200/collection/GLA/HAG/GLA_HAG_44000-001.jpg,oil on panel,37.6,45.3,GLAHA_44000_R
Still Life,Samuel John Peploe,1917–1918,1918,https://artuk.org/discover/artworks/still-life-183431/view_as/grid/search/has_image:on--work_type:painting--makers:samuel-john-peploe-18711935/page/10,https://d3d00swyhr67nd.cloudfront.net/w1200h1200/collection/STC/INV/STC_INV_1977_1087-001.jpg,oil on canvas,64.0,76.5,1977.1087
Ben More from Iona,Samuel John Peploe,c.1924,1924,https://artuk.org/discover/artworks/ben-more-from-iona-124879/view_as/grid/search/has_image:on--work_type:painting--makers:samuel-john-peploe-18711935/page/10,https://d3d00swyhr67nd.cloudfront.net/w1200h1200/collection/CSF/FIFE/CSF_FIFE_KIRMG_299-001.jpg,oil on canvas,64.0,76.0,KIRMG_299
Sweetheart Abbey,Samuel John Peploe,1928,1928,https://artuk.org/discover/artworks/sweetheart-abbey-124875/view_as/grid/search/has_image:on--work_type:painting--makers:samuel-john-peploe-18711935/page/10,https://d3d00swyhr67nd.cloudfront.net/w1200h1200/collection/CSF/FIFE/CSF_FIFE_KIRMG_324-001.jpg,oil on canvas,51.0,61.0,KIRMG_324
Plage Scene (Beach Scene),Samuel John Peploe,1907,1907,https://artuk.org/discover/artworks/plage-scene-beach-scene-124866/view_as/grid/search/has_image:on--work_type:painting--makers:samuel-john-peploe-18711935/page/10,https://d3d00swyhr67nd.cloudfront.net/w1200h1200/collection/CSF/FIFE/CSF_FIFE_KIRMG_318-001.jpg,oil on panel,22.0,27.0,KIRMG_318
"Landscape, Barra",Samuel John Peploe,,,https://artuk.org/discover/artworks/landscape-barra-124856/view_as/grid/search/has_image:on--work_type:painting--makers:samuel-john-peploe-18711935/page/10,https://d3d00swyhr67nd.cloudfront.net/w1200h1200/collection/CSF/FIFE/CSF_FIFE_KIRMG_298-001.jpg,oil on panel,27.0,35.0,KIRMG_298
Still Life with a Bottle,Samuel John Peploe,,,https://artuk.org/discover/artworks/still-life-with-a-bottle-124860/view_as/grid/search/has_image:on--work_type:painting--makers:samuel-john-peploe-18711935/page/10,https://d3d00swyhr67nd.cloudfront.net/w1200h1200/collection/CSF/FIFE/CSF_FIFE_KIRMG_323-001.jpg,oil on canvas,36.0,31.0,KIRMG_323
Elegance,Samuel John Peploe,,,https://artuk.org/discover/artworks/elegance-124858/view_as/grid/search/has_image:on--work_type:painting--makers:samuel-john-peploe-18711935/page/10,https://d3d00swyhr67nd.cloudfront.net/w1200h1200/collection/CSF/FIFE/CSF_FIFE_KIRMG_302-001.jpg,oil on panel,35.5,30.0,KIRMG_302
Head of a Girl (Betty),Samuel John Peploe,c.1922,1922,https://artuk.org/discover/artworks/head-of-a-girl-betty-215359/view_as/grid/search/has_image:on--work_type:painting--makers:samuel-john-peploe-18711935/page/10,https://d3d00swyhr67nd.cloudfront.net/w1200h1200/collection/SS/DGG/SS_DGG_DGET_223D-001.jpg,oil on canvas,59.6,49.3,DGDET 223D
Kirkcudbright,Samuel John Peploe,,,https://artuk.org/discover/artworks/kirkcudbright-211473/view_as/grid/search/has_image:on--work_type:painting--makers:samuel-john-peploe-18711935/page/10,https://d3d00swyhr67nd.cloudfront.net/w1200h1200/collection/SS/DGK/SS_DGK_SM_1992_18_01-001.jpg,oil on canvas,52.3,63.5,STEWM_1992.18.01
"The Tolbooth, Kirkcudbright",Samuel John Peploe,,,https://artuk.org/discover/artworks/the-tolbooth-kirkcudbright-211472/view_as/grid/search/has_image:on--work_type:painting--makers:samuel-john-peploe-18711935/page/10,https://d3d00swyhr67nd.cloudfront.net/w1200h1200/collection/SS/DGK/SS_DGK_SM_2003_27_01-001.jpg,oil on panel,40.0,31.7,STEWM_2003.27.01
Still Life with Plaster Cast,Samuel John Peploe,c.1931,1931,https://artuk.org/discover/artworks/still-life-with-plaster-cast-211605/view_as/grid/search/has_image:on--work_type:painting--makers:samuel-john-peploe-18711935/page/10,https://d3d00swyhr67nd.cloudfront.net/w1200h1200/collection/NGS/NGS/NGS_NGS_GMA_31-001.jpg,oil on canvas,55.9,51.4,GMA 31
Barra,Samuel John Peploe,1903,1903,https://artuk.org/discover/artworks/barra-211577/view_as/grid/search/has_image:on--work_type:painting--makers:samuel-john-peploe-18711935/page/10,https://d3d00swyhr67nd.cloudfront.net/w1200h1200/collection/NGS/NGS/NGS_NGS_GMA_1933-001.jpg,oil on wood,15.5,23.9,GMA 1933
Iona Study,Samuel John Peploe,1920s,1920,https://artuk.org/discover/artworks/iona-study-211582/view_as/grid/search/has_image:on--work_type:painting--makers:samuel-john-peploe-18711935/page/10,https://d3d00swyhr67nd.cloudfront.net/w1200h1200/collection/NGS/NGS/NGS_NGS_GMA_1943-001.jpg,oil on panel,22.6,30.5,GMA 1943
Veules-les-Roses,Samuel John Peploe,c.1910–1911,1910,https://artuk.org/discover/artworks/veules-les-roses-211594/view_as/grid/search/has_image:on--work_type:painting--makers:samuel-john-peploe-18711935/page/10,https://d3d00swyhr67nd.cloudfront.net/w1200h1200/collection/NGS/NGS/NGS_NGS_GMA_909-001.jpg,oil on board,35.6,27.0,GMA 909
"Game of Tennis, Luxembourg Gardens",Samuel John Peploe,c.1906,1906,https://artuk.org/discover/artworks/game-of-tennis-luxembourg-gardens-211591/view_as/grid/search/has_image:on--work_type:painting--makers:samuel-john-peploe-18711935/page/10,https://d3d00swyhr67nd.cloudfront.net/w1200h1200/collection/NGS/NGS/NGS_NGS_GMA_1944-001.jpg,oil on wood,16.1,23.8,GMA 1944
Still Life,Samuel John Peploe,,,https://artuk.org/discover/artworks/still-life-218431/view_as/grid/search/has_image:on--work_type:painting--makers:samuel-john-peploe-18711935/page/10,https://d3d00swyhr67nd.cloudfront.net/w1200h1200/collection/WMRII/FWF/WMRII_FWF_PCF26-001.jpg,oil on canvas,49.5,54.5,FWAF_RF28
Boy Reading,Samuel John Peploe,c.1921,1921,https://artuk.org/discover/artworks/boy-reading-186669/view_as/grid/search/has_image:on--work_type:painting--makers:samuel-john-peploe-18711935/page/10,https://d3d00swyhr67nd.cloudfront.net/w1200h1200/collection/EDII/RSA/EDII_RSA_1995_032-001.jpg,oil on canvas,76.3,64.0,1995.032
A Still Life of Roses,Samuel John Peploe,c.1931,1931,https://artuk.org/discover/artworks/a-still-life-of-roses-129432/view_as/grid/search/has_image:on--work_type:painting--makers:samuel-john-peploe-18711935/page/10,https://d3d00swyhr67nd.cloudfront.net/w1200h1200/collection/PKA/PKC/PKA_PKC_2_181A-001.jpg,oil on canvas,45.7,40.6,2_181A
Chops,Samuel John Peploe,1925–1930,1928,https://artuk.org/discover/artworks/chops-107558/view_as/grid/search/has_image:on--work_type:painting--makers:samuel-john-peploe-18711935/page/10,https://d3d00swyhr67nd.cloudfront.net/w1200h1200/collection/ABD/AAG/ABD_AAG_ag010713-001.jpg,oil on canvas,45.3,40.5,ABDAG010713
"Cathedral Rock, Iona",Samuel John Peploe,1920,1920,https://artuk.org/discover/artworks/cathedral-rock-iona-107564/view_as/grid/search/has_image:on--work_type:painting--makers:samuel-john-peploe-18711935/page/10,https://d3d00swyhr67nd.cloudfront.net/w1200h1200/collection/ABD/AAG/ABD_AAG_ag010719-001.jpg,oil on board,38.2,45.6,ABDAG010719
Jeannie Blyth,Samuel John Peploe,c.1905,1905,https://artuk.org/discover/artworks/jeannie-blyth-107571/view_as/grid/search/has_image:on--work_type:painting--makers:samuel-john-peploe-18711935/page/10,https://d3d00swyhr67nd.cloudfront.net/w1200h1200/collection/ABD/AAG/ABD_AAG_ag004091-001.jpg,oil on canvas,61.1,51.0,ABDAG004091
Boy Reading (The Artist's Son),Samuel John Peploe,c.1903,1903,https://artuk.org/discover/artworks/boy-reading-the-artists-son-107550/view_as/grid/search/has_image:on--work_type:painting--makers:samuel-john-peploe-18711935/page/10,https://d3d00swyhr67nd.cloudfront.net/w1200h1200/collection/ABD/AAG/ABD_AAG_ag010705-001.jpg,oil on canvas,50.7,40.8,ABDAG010705
Still Life,Samuel John Peploe,,,https://artuk.org/discover/artworks/still-life-93691/view_as/grid/search/has_image:on--work_type:painting--makers:samuel-john-peploe-18711935/page/10,https://d3d00swyhr67nd.cloudfront.net/w1200h1200/collection/EDI/CITY/EDI_CITY_CAC_4_1964-001.jpg,oil on panel,26.7,34.8,CAC4_1964
Still Life,Samuel John Peploe,c.1906–1907,1906,https://artuk.org/discover/artworks/still-life-4703/view_as/grid/search/has_image:on--work_type:painting--makers:samuel-john-peploe-18711935/page/10,https://d3d00swyhr67nd.cloudfront.net/w1200h1200/collection/CAM/CCF/CAM_CCF_700-001.jpg,oil on panel,24.4,34.9,700
Summer New Abbey,Samuel John Peploe,,,https://artuk.org/discover/artworks/summer-new-abbey-124851/view_as/grid/search/has_image:on--work_type:painting--makers:samuel-john-peploe-18711935/page/10,https://d3d00swyhr67nd.cloudfront.net/w1200h1200/collection/CSF/FIFE/CSF_FIFE_KIRMG_572-001.jpg,oil on canvas,43.7,52.0,KIRMG_572
Wind,Samuel John Peploe,1910,1910,https://artuk.org/discover/artworks/wind-124868/view_as/grid/search/has_image:on--work_type:painting--makers:samuel-john-peploe-18711935/page/10,https://d3d00swyhr67nd.cloudfront.net/w1200h1200/collection/CSF/FIFE/CSF_FIFE_KIRMG_327-001.jpg,oil on panel,18.5,24.0,KIRMG_327
Iona Landscape,Samuel John Peploe,,,https://artuk.org/discover/artworks/iona-landscape-124880/view_as/grid/search/has_image:on--work_type:painting--makers:samuel-john-peploe-18711935/page/10,https://d3d00swyhr67nd.cloudfront.net/w1200h1200/collection/CSF/FIFE/CSF_FIFE_KIRMG_188-001.jpg,oil on panel,36.5,44.0,KIRMG_188
Roses,Samuel John Peploe,,,https://artuk.org/discover/artworks/roses-124853/view_as/grid/search/has_image:on--work_type:painting--makers:samuel-john-peploe-18711935/page/10,https://d3d00swyhr67nd.cloudfront.net/w1200h1200/collection/CSF/FIFE/CSF_FIFE_KIRMG_13-001.jpg,oil on canvas,46.0,41.0,KIRMG_13
Blue and White Teapot,Samuel John Peploe,1917,1917,https://artuk.org/discover/artworks/blue-and-white-teapot-124873/view_as/grid/search/has_image:on--work_type:painting--makers:samuel-john-peploe-18711935/page/10,https://d3d00swyhr67nd.cloudfront.net/w1200h1200/collection/CSF/FIFE/CSF_FIFE_KIRMG_300-001.jpg,oil on canvas,48.0,57.5,KIRMG_300
"Luxembourg Gardens, Paris",Samuel John Peploe,,,https://artuk.org/discover/artworks/luxembourg-gardens-paris-197486/view_as/grid/search/has_image:on--work_type:painting--makers:samuel-john-peploe-18711935/page/10,https://d3d00swyhr67nd.cloudfront.net/w1200h1200/collection/NTS/HDUN/NTS_CZN_99_122.jpg,oil on canvas,,,99.121
"Still Life with a Bowl of Fruit, Bottle, Cup and Glass",Samuel John Peploe,1927–1929,1928,https://artuk.org/discover/artworks/still-life-with-a-bowl-of-fruit-bottle-cup-and-glass-33934/view_as/grid/search/has_image:on--work_type:painting--makers:samuel-john-peploe-18711935/page/10,https://d3d00swyhr67nd.cloudfront.net/w1200h1200/collection/BRM/BMAG/BRM_BMAG_1948P34-001.jpg,oil on canvas,48.9,54.6,1978L10
On the French Coast,Samuel John Peploe,c.1907,1907,https://artuk.org/discover/artworks/on-the-french-coast-211593/view_as/grid/search/has_image:on--work_type:painting--makers:samuel-john-peploe-18711935/page/10,https://d3d00swyhr67nd.cloudfront.net/w1200h1200/collection/NGS/NGS/NGS_NGS_GMA_1939-001.jpg,oil on wood,15.0,24.3,GMA 1939
Barra,Samuel John Peploe,1903,1903,https://artuk.org/discover/artworks/barra-211578/view_as/grid/search/has_image:on--work_type:painting--makers:samuel-john-peploe-18711935/page/10,https://d3d00swyhr67nd.cloudfront.net/w1200h1200/collection/NGS/NGS/NGS_NGS_GMA_1934-001.jpg,oil on panel,16.1,23.8,GMA 1934
The Black Bottle,Samuel John Peploe,c.1905,1905,https://artuk.org/discover/artworks/the-black-bottle-211589/view_as/grid/search/has_image:on--work_type:painting--makers:samuel-john-peploe-18711935/page/10,https://d3d00swyhr67nd.cloudfront.net/w1200h1200/collection/NGS/NGS/NGS_NGS_GMA_26-001.jpg,oil on canvas,50.8,61.0,GMA 26
The Green Blouse,Samuel John Peploe,c.1904,1904,https://artuk.org/discover/artworks/the-green-blouse-211588/view_as/grid/search/has_image:on--work_type:painting--makers:samuel-john-peploe-18711935/page/10,https://d3d00swyhr67nd.cloudfront.net/w1200h1200/collection/NGS/NGS/NGS_NGS_GMA_28-001.jpg,oil on wood,50.8,50.2,GMA 28
Self Portrait,Samuel John Peploe,c.1900,1900,https://artuk.org/discover/artworks/self-portrait-211584/view_as/grid/search/has_image:on--work_type:painting--makers:samuel-john-peploe-18711935/page/10,https://d3d00swyhr67nd.cloudfront.net/w1200h1200/collection/NGS/NGS/NGS_NGS_GMA_1950-001.jpg,oil on wood,50.9,30.3,GMA 1950
"Still Life, Pears and Grapes",Samuel John Peploe,c.1930,1930,https://artuk.org/discover/artworks/still-life-pears-and-grapes-211604/view_as/grid/search/has_image:on--work_type:painting--makers:samuel-john-peploe-18711935/page/10,https://d3d00swyhr67nd.cloudfront.net/w1200h1200/collection/NGS/NGS/NGS_NGS_GMA_908-001.jpg,oil on canvas,30.5,38.3,GMA 908
Portrait of the Artist's Wife,Samuel John Peploe,c.1907,1907,https://artuk.org/discover/artworks/portrait-of-the-artists-wife-211592/view_as/grid/search/has_image:on--work_type:painting--makers:samuel-john-peploe-18711935/page/10,https://d3d00swyhr67nd.cloudfront.net/w1200h1200/collection/NGS/NGS/NGS_NGS_GMA_1948-001.jpg,oil on canvas,40.9,30.8,GMA 1948
Île de Bréhat,Samuel John Peploe,1911,1911,https://artuk.org/discover/artworks/le-de-brehat-211581/view_as/grid/search/has_image:on--work_type:painting--makers:samuel-john-peploe-18711935/page/10,https://d3d00swyhr67nd.cloudfront.net/w1200h1200/collection/NGS/NGS/NGS_NGS_GMA_1941-001.jpg,oil on canvas board,32.7,40.9,GMA 1941
A Vase of Pink Roses,Samuel John Peploe,,,https://artuk.org/discover/artworks/a-vase-of-pink-roses-218428/view_as/grid/search/has_image:on--work_type:painting--makers:samuel-john-peploe-18711935/page/10,https://d3d00swyhr67nd.cloudfront.net/w1200h1200/collection/WMRII/FWF/WMRII_FWF_116651-001.jpg,oil on canvas,54.6,49.5,FWAF_RF27
Paris Plage,Samuel John Peploe,,,https://artuk.org/discover/artworks/paris-plage-218424/view_as/grid/search/has_image:on--work_type:painting--makers:samuel-john-peploe-18711935/page/10,https://d3d00swyhr67nd.cloudfront.net/w1200h1200/collection/WMRII/FWF/WMRII_FWF_102081-001.jpg,oil on board,21.5,26.6,FWAF_RF25
Female Nude with Pitcher,Samuel John Peploe,,,https://artuk.org/discover/artworks/female-nude-with-pitcher-225929/view_as/grid/search/has_image:on--work_type:painting--makers:samuel-john-peploe-18711935/page/10,https://d3d00swyhr67nd.cloudfront.net/w1200h1200/collection/EDII/ECA/EDII_ECA_PTG_0758.jpg,oil on canvas,106.7,71.0,2017.087
Souvenir,Samuel John Peploe,1905,1905,https://artuk.org/discover/artworks/souvenir-107548/view_as/grid/search/has_image:on--work_type:painting--makers:samuel-john-peploe-18711935/page/10,https://d3d00swyhr67nd.cloudfront.net/w1200h1200/collection/ABD/AAG/ABD_AAG_ag010703-001.jpg,oil on canvas,32.3,43.0,ABDAG010703
"Stormy Weather, Iona",Samuel John Peploe,c.1929,1929,https://artuk.org/discover/artworks/stormy-weather-iona-107570/view_as/grid/search/has_image:on--work_type:painting--makers:samuel-john-peploe-18711935/page/10,https://d3d00swyhr67nd.cloudfront.net/w1200h1200/collection/ABD/AAG/ABD_AAG_ag003040-001.jpg,oil on canvas,51.2,61.0,ABDAG003040
Still Life with Roses,Samuel John Peploe,c.1924,1924,https://artuk.org/discover/artworks/still-life-with-roses-107573/view_as/grid/search/has_image:on--work_type:painting--makers:samuel-john-peploe-18711935/page/10,https://d3d00swyhr67nd.cloudfront.net/w1200h1200/collection/ABD/AAG/ABD_AAG_ag004093-001.jpg,oil on canvas,51.0,40.8,ABDAG004093
"Still Life, Roses and Apples",Samuel John Peploe,,,https://artuk.org/discover/artworks/still-life-roses-and-apples-107572/view_as/grid/search/has_image:on--work_type:painting--makers:samuel-john-peploe-18711935/page/10,https://d3d00swyhr67nd.cloudfront.net/w1200h1200/collection/ABD/AAG/ABD_AAG_ag004092-001.jpg,oil on canvas,56.3,49.0,ABDAG004092
"Iona, Pink Rocks",Samuel John Peploe,,,https://artuk.org/discover/artworks/iona-pink-rocks-107574/view_as/grid/search/has_image:on--work_type:painting--makers:samuel-john-peploe-18711935/page/10,https://d3d00swyhr67nd.cloudfront.net/w1200h1200/collection/ABD/AAG/ABD_AAG_ag004090-001.jpg,oil on canvas,50.9,56.0,ABDAG004090
Tulips in a Brown Jar,Samuel John Peploe,1933,1933,https://artuk.org/discover/artworks/tulips-in-a-brown-jar-107552/view_as/grid/search/has_image:on--work_type:painting--makers:samuel-john-peploe-18711935/page/10,https://d3d00swyhr67nd.cloudfront.net/w1200h1200/collection/ABD/AAG/ABD_AAG_ag010707-001.jpg,oil on canvas,47.0,40.3,ABDAG010707
"Kirkcudbright, Street Corner",Samuel John Peploe,1917,1917,https://artuk.org/discover/artworks/kirkcudbright-street-corner-107565/view_as/grid/search/has_image:on--work_type:painting--makers:samuel-john-peploe-18711935/page/10,https://d3d00swyhr67nd.cloudfront.net/w1200h1200/collection/ABD/AAG/ABD_AAG_ag010720-001.jpg,oil on board,31.0,41.0,ABDAG010720
Still Life with a Melon and Apples,Samuel John Peploe,,,https://artuk.org/discover/artworks/still-life-with-a-melon-and-apples-107567/view_as/grid/search/has_image:on--work_type:painting--makers:samuel-john-peploe-18711935/page/10,https://d3d00swyhr67nd.cloudfront.net/w1200h1200/collection/ABD/AAG/ABD_AAG_004756-001.jpg,oil on canvas,30.2,45.8,ABDAG004756
Still Life with Pears and Grapes,Samuel John Peploe,,,https://artuk.org/discover/artworks/still-life-with-pears-and-grapes-93693/view_as/grid/search/has_image:on--work_type:painting--makers:samuel-john-peploe-18711935/page/10,https://d3d00swyhr67nd.cloudfront.net/w1200h1200/collection/EDI/CITY/EDI_CITY_CAC_199_1964-001.jpg,oil on canvas,31.7,45.7,CAC199_1964
Still Life with Melon and Grapes,Samuel John Peploe,,,https://artuk.org/discover/artworks/still-life-with-melon-and-grapes-93692/view_as/grid/search/has_image:on--work_type:painting--makers:samuel-john-peploe-18711935/page/10,https://d3d00swyhr67nd.cloudfront.net/w1200h1200/collection/EDI/CITY/EDI_CITY_CAC_288_1964-001.jpg,oil on canvas,39.4,45.7,CAC288_1964
The Yellow Jug,Samuel John Peploe,c.1930,1930,https://artuk.org/discover/artworks/the-yellow-jug-75362/view_as/grid/search/has_image:on--work_type:painting--makers:samuel-john-peploe-18711935/page/10,https://d3d00swyhr67nd.cloudfront.net/w1200h1200/collection/ES/BRHM/ES_BRHM_HM_000441-001.jpg,oil on canvas,46.2,41.0,FA000441
Still Life with Jug and Grapes,Samuel John Peploe,1920–1925,1922,https://artuk.org/discover/artworks/still-life-with-jug-and-grapes-207371/view_as/grid/search/has_image:on--work_type:painting--makers:samuel-john-peploe-18711935/page/10,https://d3d00swyhr67nd.cloudfront.net/w1200h1200/collection/CIA/CIA/CIA_CIA_P_1992_XX_1-001.jpg,oil on canvas,40.6,45.7,P.1992.XX.1
Nude in Studio Interior,Samuel John Peploe,1896,1896,https://artuk.org/discover/artworks/nude-in-studio-interior-225025/view_as/grid/search/has_image:on--work_type:painting--makers:samuel-john-peploe-18711935/page/10,https://d3d00swyhr67nd.cloudfront.net/w1200h1200/collection/EDII/ECA/EDII_ECA_PCF0076-001.jpg,oil on canvas,108.0,72.0,CCECR0119
Tulips in a Pottery Vase,Samuel John Peploe,c.1912,1912,https://artuk.org/discover/artworks/tulips-in-a-pottery-vase-138833/view_as/grid/search/has_image:on--work_type:painting--makers:samuel-john-peploe-18711935/page/10,https://d3d00swyhr67nd.cloudfront.net/w1200h1200/collection/GLA/HAG/GLA_HAG_41371-001.jpg,oil on canvas,45.6,40.7,GLAHA_41371
Bathers (Étaples),Samuel John Peploe,1906,1906,https://artuk.org/discover/artworks/bathers-taples-138827/view_as/grid/search/has_image:on--work_type:painting--makers:samuel-john-peploe-18711935/page/10,https://d3d00swyhr67nd.cloudfront.net/w1200h1200/collection/GLA/HAG/GLA_HAG_43999-001.jpg,oil on canvas laid on board,18.2,23.8,GLAHA_43999
"Clouds and Sky, Iona",Samuel John Peploe,1928,1928,https://artuk.org/discover/artworks/clouds-and-sky-iona-138830/view_as/grid/search/has_image:on--work_type:painting--makers:samuel-john-peploe-18711935/page/10,https://d3d00swyhr67nd.cloudfront.net/w1200h1200/collection/GLA/HAG/GLA_HAG_43996-001.jpg,oil on canvas,40.7,45.7,GLAHA_43996
"New Abbey, Dumfriesshire (Summer)",Samuel John Peploe,1926,1926,https://artuk.org/discover/artworks/new-abbey-dumfriesshire-summer-138829/view_as/grid/search/has_image:on--work_type:painting--makers:samuel-john-peploe-18711935/page/10,https://d3d00swyhr67nd.cloudfront.net/w1200h1200/collection/GLA/HAG/GLA_HAG_44001-001.jpg,oil on canvas,56.2,76.1,GLAHA_44001
The Cathedral Rocks,Samuel John Peploe,,,https://artuk.org/discover/artworks/the-cathedral-rocks-124857/view_as/grid/search/has_image:on--work_type:painting--makers:samuel-john-peploe-18711935/page/10,https://d3d00swyhr67nd.cloudfront.net/w1200h1200/collection/CSF/FIFE/CSF_FIFE_KIRMG_301-001.jpg,oil on panel,35.5,43.0,KIRMG_301
Tulips,Samuel John Peploe,,,https://artuk.org/discover/artworks/tulips-124861/view_as/grid/search/has_image:on--work_type:painting--makers:samuel-john-peploe-18711935/page/10,https://d3d00swyhr67nd.cloudfront.net/w1200h1200/collection/CSF/FIFE/CSF_FIFE_KIRMG_571-001.jpg,oil on canvas,61.6,56.0,KIRMG_571
Luxembourg Gardens,Samuel John Peploe,,,https://artuk.org/discover/artworks/luxembourg-gardens-124855/view_as/grid/search/has_image:on--work_type:painting--makers:samuel-john-peploe-18711935/page/10,https://d3d00swyhr67nd.cloudfront.net/w1200h1200/collection/CSF/FIFE/CSF_FIFE_KIRMG_216-001.jpg,oil on panel,33.0,26.0,KIRMG_216
Kirkcudbright,Samuel John Peploe,1916,1916,https://artuk.org/discover/artworks/kirkcudbright-124872/view_as/grid/search/has_image:on--work_type:painting--makers:samuel-john-peploe-18711935/page/10,https://d3d00swyhr67nd.cloudfront.net/w1200h1200/collection/CSF/FIFE/CSF_FIFE_KIRMG_310-001.jpg,oil on panel,34.0,41.0,KIRMG_310
Iona,Samuel John Peploe,1930,1930,https://artuk.org/discover/artworks/iona-124877/view_as/grid/search/has_image:on--work_type:painting--makers:samuel-john-peploe-18711935/page/10,https://d3d00swyhr67nd.cloudfront.net/w1200h1200/collection/CSF/FIFE/CSF_FIFE_KIRMG_308-001.jpg,oil on panel,51.0,71.0,KIRMG_308
Royan,Samuel John Peploe,1910,1910,https://artuk.org/discover/artworks/royan-124870/view_as/grid/search/has_image:on--work_type:painting--makers:samuel-john-peploe-18711935/page/10,https://d3d00swyhr67nd.cloudfront.net/w1200h1200/collection/CSF/FIFE/CSF_FIFE_KIRMG_319-001.jpg,oil on panel,27.0,35.5,KIRMG_319
Flowers and Fruit with a Japanese Background,Samuel John Peploe,,,https://artuk.org/discover/artworks/flowers-and-fruit-with-a-japanese-background-124850/view_as/grid/search/has_image:on--work_type:painting--makers:samuel-john-peploe-18711935/page/10,https://d3d00swyhr67nd.cloudfront.net/w1200h1200/collection/CSF/FIFE/CSF_FIFE_KIRMG_305-001.jpg,oil on canvas,40.5,45.5,KIRMG_305
Evening,Samuel John Peploe,,,https://artuk.org/discover/artworks/evening-124848/view_as/grid/search/has_image:on--work_type:painting--makers:samuel-john-peploe-18711935/page/10,https://d3d00swyhr67nd.cloudfront.net/w1200h1200/collection/CSF/FIFE/CSF_FIFE_KIRMG_303-001.jpg,oil on panel,18.0,25.0,KIRMG_303
Still Life: Fruit,Samuel John Peploe,1931,1931,https://artuk.org/discover/artworks/still-life-fruit-124844/view_as/grid/search/has_image:on--work_type:painting--makers:samuel-john-peploe-18711935/page/10,https://d3d00swyhr67nd.cloudfront.net/w1200h1200/collection/CSF/FIFE/CSF_FIFE_KIRMG_189-001.jpg,oil on canvas,51.0,62.0,KIRMG_189
Scottish Landscape,Samuel John Peploe,,,https://artuk.org/discover/artworks/scottish-landscape-124852/view_as/grid/search/has_image:on--work_type:painting--makers:samuel-john-peploe-18711935/page/10,https://d3d00swyhr67nd.cloudfront.net/w1200h1200/collection/CSF/FIFE/CSF_FIFE_KIRMG_320-001.jpg,oil on canvas,30.0,37.5,KIRMG_320
Beach Scene,Samuel John Peploe,1910,1910,https://artuk.org/discover/artworks/beach-scene-124843/view_as/grid/search/has_image:on--work_type:painting--makers:samuel-john-peploe-18711935/page/10,https://d3d00swyhr67nd.cloudfront.net/w1200h1200/collection/CSF/FIFE/CSF_FIFE_KIRMG_200-001.jpg,oil on panel,20.5,26.0,KIRMG_200
"Still Life, Teapot and Fruit",Samuel John Peploe,,,https://artuk.org/discover/artworks/still-life-teapot-and-fruit-124846/view_as/grid/search/has_image:on--work_type:painting--makers:samuel-john-peploe-18711935/page/10,https://d3d00swyhr67nd.cloudfront.net/w1200h1200/collection/CSF/FIFE/CSF_FIFE_KIRMG_325-001.jpg,oil on canvas,41.0,46.0,KIRMG_325
Still Life,Samuel John Peploe,,,https://artuk.org/discover/artworks/still-life-38501/view_as/grid/search/has_image:on--work_type:painting--makers:samuel-john-peploe-18711935/page/10,https://d3d00swyhr67nd.cloudfront.net/w1200h1200/collection/WYL/LMG/WYL_LMG_072_16-001.jpg,oil on canvas,55.8,45.7,LEEAG.PA.1932.0004
